feature,importance
CashbackAmount,0.36218563209859506
Tenure,0.3062165839406564
DaySinceLastOrder,0.11699267187383927
SatisfactionScore,0.07764839578283582
OrderCount,0.07042133338272459
Complain,0.06653538292134893
